0;Абдул;{"full": "Абдул", "gender": "m", "name": "Абдул"}
1;Аввакум;{"gender": "m", "name": "Аввакум", "full": "Аввакум"}
2;Аввакуум;{"gender": "m", "name": "Аввакуум", "full": "Аввакуум"}
3;Август;{"gender": "m", "name": "Август", "full": "Август"}
4;Августа;{"gender": "f", "name": "Августа", "full": "Августа"}
5;Авдей;{"gender": "m", "name": "Авдей", "full": "Авдей"}
6;Аверкий;{"gender": "m", "name": "Аверкий", "full": "Аверкий"}
7;Авраам;{"gender": "m", "name": "Авраам", "full": "Авраам"}
8;Аврора;{"gender": "f", "name": "Аврора", "full": "Аврора"}
9;Агата;{"full": "Агата", "gender": "f", "name": "Агата"}
10;Агнесса;{"gender": "f", "name": "Агнесса", "full": "Агнесса"}
11;Агния;{"gender": "f", "name": "Агния", "full": "Агния"}
12;Ада;{"full": "Ада", "gender": "f", "name": "Ада"}
13;Адам;{"full": "Адам", "gender": "m", "name": "Адам"}
14;Адель;{"full": "Адель", "gender": "f", "name": "Адель"}
15;Адольф;{"full": "Адольф", "gender": "m", "name": "Адольф"}
16;Адриан;{"gender": "m", "name": "Адриан", "full": "Адриан"}
17;Аза;{"gender": "f", "name": "Аза", "full": "Аза"}
18;Азалия;{"full": "Азалия", "gender": "f", "name": "Азалия"}
19;Азарий;{"gender": "m", "name": "Азарий", "full": "Азарий"}
20;Азат;{"full": "Азат", "gender": "m", "name": "Азат"}
21;Азиза;{"gender": "f", "name": "Азиза", "full": "Азиза"}
22;Аида;{"full": "Аида", "gender": "f", "name": "Аида"}
23;Айгуль;{"full": "Айгуль", "gender": "f", "name": "Айгуль"}
24;Айдана;{"full": "Айдана", "gender": "f", "name": "Айдана"}
25;Айдар;{"full": "Айдар", "gender": "m", "name": "Айдар"}
26;Айжан;{"full": "Айжан", "gender": "f", "name": "Айжан"}
27;Айнагуль;{"full": "Айнагуль", "gender": "f", "name": "Айнагуль"}
28;Айнур;{"full": "Айнур", "gender": "f", "name": "Айнур"}
29;Айнура;{"full": "Айнура", "gender": "f", "name": "Айнура"}
30;Айрат;{"full": "Айрат", "gender": "m", "name": "Айрат"}
31;Аким;{"gender": "m", "name": "Аким", "full": "Аким"}
32;Аксинья;{"full": "Аксинья", "gender": "f", "name": "Аксинья"}
33;Алан;{"gender": "m", "name": "Алан", "full": "Алан"}
34;Алевтина;{"full": "Алевтина", "gender": "f", "name": "Алевтина"}
35;Алекс;{"gender": "m", "name": "Алекс", "full": "Алекс"}
36;Алекса;{"name": "Алекса", "gender": "f", "full": "Алекса"}
37;Александер;{"full": "Александер", "gender": "m", "name": "Александер"}
38;Александор;{"full": "Александор", "gender": "m", "name": "Александор"}
39;Александр;{"gender": "m", "name": "Александр", "full": "Александр"}
40;Александра;{"gender": "f", "name": "Александра", "full": "Александра"}
41;Алексей;{"gender": "m", "name": "Алексей", "full": "Алексей"}
42;Алена;{"gender": "f", "name": "Алена", "full": "Алена"}
43;Аленка;{"gender": "f", "name": "Аленка", "full": "Алена"}
44;Аленушка;{"name": "Аленушка", "gender": "f", "full": "Алена"}
45;Алеся;{"full": "Алеся", "gender": "f", "name": "Алеся"}
46;Алефтина;{"full": "Алефтина", "gender": "f", "name": "Алефтина"}
47;Алеша;{"gender": "m", "name": "Алеша", "full": "Алексей"}
48;Алико;{"gender": "m", "name": "Алико", "full": "Алико"}
49;Алина;{"gender": "f", "name": "Алина", "full": "Алина"}
50;Алиночка;{"gender": "f", "name": "Алиночка", "full": "Алина"}
51;Алиса;{"gender": "f", "name": "Алиса", "full": "Алиса"}
52;Алисонька;{"gender": "f", "name": "Алисонька", "full": "Алиса"}
53;Алишер;{"full": "Алишер", "gender": "m", "name": "Алишер"}
54;Алия;{"gender": "f", "name": "Алия", "full": "Алия"}
55;Алла;{"gender": "f", "name": "Алла", "full": "Алла"}
56;Аллочка;{"gender": "f", "name": "Аллочка", "full": "Алла"}
57;Алсу;{"full": "Алсу", "gender": "f", "name": "Алсу"}
58;Альберт;{"gender": "m", "name": "Альберт", "full": "Альберт"}
59;Альберта;{"gender": "f", "name": "Альберта", "full": "Альберта"}
60;Альбина;{"gender": "f", "name": "Альбина", "full": "Альбина"}
61;Альбиночка;{"gender": "f", "name": "Альбиночка", "full": "Альбина"}
62;Альжбета;{"gender": "f", "name": "Альжбета", "full": "Альжбета"}
63;Альфира;{"full": "Альфира", "gender": "f", "name": "Альфира"}
64;Альфия;{"full": "Альфия", "gender": "f", "name": "Альфия"}
65;Альфред;{"gender": "m", "name": "Альфред", "full": "Альфред"}
66;Аля;{"name": "Аля", "gender": "f", "full": "Алевтина"}
67;Амалия;{"full": "Амалия", "gender": "f", "name": "Амалия"}
68;Амелия;{"full": "Амелия", "gender": "f", "name": "Амелия"}
69;Амина;{"gender": "f", "name": "Амина", "full": "Амина"}
70;Амир;{"gender": "m", "name": "Амир", "full": "Амир"}
71;Амирчик;{"gender": "m", "name": "Амирчик", "full": "Амир"}
72;Анастасия;{"gender": "f", "name": "Анастасия", "full": "Анастасия"}
73;Анатолий;{"gender": "m", "name": "Анатолий", "full": "Анатолий"}
74;Анвар;{"full": "Анвар", "gender": "m", "name": "Анвар"}
75;Ангелина;{"gender": "f", "name": "Ангелина", "full": "Ангелина"}
76;Андрей;{"gender": "m", "name": "Андрей", "full": "Андрей"}
77;Андриана;{"full": "Андриана", "gender": "f", "name": "Андриана"}
78;Андрий;{"full": "Андрий", "gender": "m", "name": "Андрий"}
79;Андрюха;{"name": "Андрюха", "gender": "m", "full": "Андрей"}
80;Андрюша;{"gender": "m", "name": "Андрюша", "full": "Андрей"}
81;Андрюшка;{"name": "Андрюшка", "gender": "m", "full": "Андрей"}
82;Анечка;{"gender": "f", "name": "Анечка", "full": "Анна"}
83;Анжела;{"full": "Анжела", "gender": "f", "name": "Анжела"}
84;Анжелика;{"gender": "f", "name": "Анжелика", "full": "Анжелика"}
85;Анжелла;{"full": "Анжелла", "gender": "f", "name": "Анжелла"}
86;Анжэла;{"gender": "f", "name": "Анжэла", "full": "Анжэла"}
87;Анисья;{"gender": "f", "name": "Анисья", "full": "Анисья"}
88;Анна;{"gender": "f", "name": "Анна", "full": "Анна"}
89;Аннушка;{"name": "Аннушка", "gender": "f", "full": "Анна"}
90;Антон;{"gender": "m", "name": "Антон", "full": "Антон"}
91;Антонина;{"full": "Антонина", "gender": "f", "name": "Антонина"}
92;Антонио;{"gender": "m", "name": "Антонио", "full": "Антонио"}
93;Антоха;{"gender": "m", "name": "Антоха", "full": "Антон"}
94;Антоша;{"gender": "m", "name": "Антоша", "full": "Антон"}
95;Антошка;{"name": "Антошка", "gender": "m", "full": "Антон"}
96;Ануар;{"full": "Ануар", "gender": "m", "name": "Ануар"}
97;Анфиса;{"full": "Анфиса", "gender": "f", "name": "Анфиса"}
98;Анэля;{"gender": "f", "name": "Анэля", "full": "Анэля"}
99;Анюта;{"name": "Анюта", "gender": "f", "full": "Анна"}
100;Аня;{"gender": "f", "name": "Аня", "full": "Анна"}
101;Аполлон;{"gender": "m", "name": "Аполлон", "full": "Аполлон"}
102;Ариадна;{"full": "Ариадна", "gender": "f", "name": "Ариадна"}
103;Ариана;{"full": "Ариана", "gender": "f", "name": "Ариана"}
104;Арина;{"gender": "f", "name": "Арина", "full": "Арина"}
105;Аристарх;{"full": "Аристарх", "gender": "m", "name": "Аристарх"}
106;Ариша;{"name": "Ариша", "gender": "f", "full": "Арина"}
107;Аркадий;{"gender": "m", "name": "Аркадий", "full": "Аркадий"}
108;Арман;{"full": "Арман", "gender": "m", "name": "Арман"}
109;Армен;{"full": "Армен", "gender": "m", "name": "Армен"}
110;Арнольд;{"gender": "m", "name": "Арнольд", "full": "Арнольд"}
111;Арсен;{"full": "Арсен", "gender": "m", "name": "Арсен"}
112;Арсений;{"gender": "m", "name": "Арсений", "full": "Арсений"}
113;Арслан;{"full": "Арслан", "gender": "m", "name": "Арслан"}
114;Артем;{"gender": "m", "name": "Артем", "full": "Артем"}
115;Артемий;{"full": "Артемий", "gender": "m", "name": "Артемий"}
116;Артемка;{"name": "Артемка", "gender": "m", "full": "Артем"}
117;Артемушка;{"gender": "m", "name": "Артемушка", "full": "Артем"}
118;Артур;{"gender": "m", "name": "Артур", "full": "Артур"}
119;Артурчик;{"gender": "m", "name": "Артурчик", "full": "Артур"}
120;Архелия;{"gender": "f", "name": "Архелия", "full": "Архелия"}
121;Архип;{"gender": "m", "name": "Архип", "full": "Архип"}
122;Аскольд;{"gender": "m", "name": "Аскольд", "full": "Аскольд"}
123;Аслан;{"gender": "m", "name": "Аслан", "full": "Аслан"}
124;Асланчик;{"gender": "m", "name": "Асланчик", "full": "Аслан"}
125;Астра;{"gender": "f", "name": "Астра", "full": "Астра"}
126;Асхат;{"full": "Асхат", "gender": "m", "name": "Асхат"}
127;Ася;{"full": "Ася", "gender": "f", "name": "Ася"}
128;Аурелия;{"gender": "f", "name": "Аурелия", "full": "Аурелия"}
129;Афанасий;{"full": "Афанасий", "gender": "m", "name": "Афанасий"}
130;Ахмед;{"full": "Ахмед", "gender": "m", "name": "Ахмед"}
131;Ахмет;{"full": "Ахмет", "gender": "m", "name": "Ахмет"}
132;Ашот;{"gender": "m", "name": "Ашот", "full": "Ашот"}
133;Ашотик;{"gender": "m", "name": "Ашотик", "full": "Ашот"}
134;Барбара;{"full": "Барбара", "gender": "f", "name": "Барбара"}
135;Беатриса;{"gender": "f", "name": "Беатриса", "full": "Беатриса"}
136;Белинда;{"gender": "f", "name": "Белинда", "full": "Белинда"}
137;Белла;{"gender": "f", "name": "Белла", "full": "Белла"}
138;Береслава;{"gender": "f", "name": "Береслава", "full": "Береслава"}
139;Берта;{"gender": "f", "name": "Берта", "full": "Берта"}
140;Боб;{"full": "Боб", "gender": "m", "name": "Боб"}
141;Богдан;{"gender": "m", "name": "Богдан", "full": "Богдан"}
142;Богдана;{"gender": "f", "name": "Богдана", "full": "Богдана"}
143;Богдаша;{"gender": "m", "name": "Богдаша", "full": "Богдан"}
144;Богуслав;{"full": "Богуслав", "gender": "m", "name": "Богуслав"}
145;Божена;{"gender": "f", "name": "Божена", "full": "Божена"}
146;Борис;{"gender": "m", "name": "Борис", "full": "Борис"}
147;Борислав;{"gender": "m", "name": "Борислав", "full": "Борислав"}
148;Борислава;{"gender": "f", "name": "Борислава", "full": "Борислава"}
149;Боря;{"name": "Боря", "gender": "m", "full": "Борис"}
150;Бронислав;{"gender": "m", "name": "Бронислав", "full": "Бронислав"}
151;Бронислава;{"gender": "f", "name": "Бронислава", "full": "Бронислава"}
152;Бэлла;{"full": "Бэлла", "gender": "f", "name": "Бэлла"}
153;Ваденька;{"gender": "m", "name": "Ваденька", "full": "Вадим"}
154;Вадик;{"name": "Вадик", "gender": "m", "full": "Вадим"}
155;Вадим;{"gender": "m", "name": "Вадим", "full": "Вадим"}
156;Валентин;{"gender": "m", "name": "Валентин", "full": "Валентин"}
157;Валентина;{"gender": "f", "name": "Валентина", "full": "Валентина"}
158;Валентинка;{"name": "Валентинка", "gender": "f", "full": "Валентина"}
159;Валера;{"gender": "fm", "name": "Валера", "full": "Валера"}
160;Валерий;{"gender": "m", "name": "Валерий", "full": "Валерий"}
161;Валерик;{"gender": "m", "name": "Валерик", "full": "Валерий"}
162;Валерия;{"gender": "f", "name": "Валерия", "full": "Валерия"}
163;Валерочка;{"gender": "fm", "name": "Валерочка", "full": "Валера"}
164;Валечка;{"gender": "fm", "name": "Валечка", "full": "Валя"}
165;Валюша;{"name": "Валюша", "gender": "fm", "full": "Валя"}
166;Валюшка;{"name": "Валюшка", "gender": "fm", "full": "Валя"}
167;Валя;{"gender": "fm", "name": "Валя", "full": "Валя"}
168;Ванда;{"gender": "f", "name": "Ванда", "full": "Ванда"}
169;Ванек;{"name": "Ванек", "gender": "m", "full": "Иван"}
170;Ванечка;{"gender": "m", "name": "Ванечка", "full": "Иван"}
171;Ванька;{"name": "Ванька", "gender": "m", "full": "Иван"}
172;Ваня;{"gender": "m", "name": "Ваня", "full": "Иван"}
173;Варвара;{"gender": "f", "name": "Варвара", "full": "Варвара"}
174;Варечка;{"gender": "f", "name": "Варечка", "full": "Варвара"}
175;Варя;{"gender": "f", "name": "Варя", "full": "Варвара"}
176;Васек;{"name": "Васек", "gender": "m", "full": "Василий"}
177;Васенька;{"gender": "fm", "name": "Васенька", "full": "Вася"}
178;Василий;{"gender": "m", "name": "Василий", "full": "Василий"}
179;Василиса;{"full": "Василиса", "gender": "f", "name": "Василиса"}
180;Васька;{"name": "Васька", "gender": "fm", "full": "Вася"}
181;Вася;{"gender": "fm", "name": "Вася", "full": "Вася"}
182;Венедикт;{"gender": "m", "name": "Венедикт", "full": "Венедикт"}
183;Венера;{"full": "Венера", "gender": "f", "name": "Венера"}
184;Вениамин;{"full": "Вениамин", "gender": "m", "name": "Вениамин"}
185;Вера;{"gender": "f", "name": "Вера", "full": "Вера"}
186;Вераника;{"full": "Вераника", "gender": "f", "name": "Вераника"}
187;Вероника;{"gender": "f", "name": "Вероника", "full": "Вероника"}
188;Вероничка;{"gender": "f", "name": "Вероничка", "full": "Вероника"}
189;Верочка;{"gender": "f", "name": "Верочка", "full": "Вера"}
190;Веселина;{"gender": "f", "name": "Веселина", "full": "Веселина"}
191;Веста;{"full": "Веста", "gender": "f", "name": "Веста"}
192;Виалетта;{"gender": "f", "name": "Виалетта", "full": "Виалетта"}
193;Вика;{"gender": "f", "name": "Вика", "full": "Виктория"}
194;Виктор;{"gender": "m", "name": "Виктор", "full": "Виктор"}
195;Виктория;{"gender": "f", "name": "Виктория", "full": "Виктория"}
196;Викуля;{"name": "Викуля", "gender": "f", "full": "Виктория"}
197;Викуся;{"gender": "f", "name": "Викуся", "full": "Виктория"}
198;Вилен;{"gender": "m", "name": "Вилен", "full": "Вилен"}
199;Вилора;{"gender": "f", "name": "Вилора", "full": "Вилора"}
200;Винсент;{"full": "Винсент", "gender": "m", "name": "Винсент"}
201;Виола;{"full": "Виола", "gender": "f", "name": "Виола"}
202;Виолета;{"full": "Виолета", "gender": "f", "name": "Виолета"}
203;Виолетта;{"gender": "f", "name": "Виолетта", "full": "Виолетта"}
204;Виргиния;{"gender": "f", "name": "Виргиния", "full": "Виргиния"}
205;Виссарион;{"gender": "m", "name": "Виссарион", "full": "Виссарион"}
206;Вита;{"full": "Вита", "gender": "f", "name": "Вита"}
207;Виталенька;{"gender": "m", "name": "Виталенька", "full": "Виталий"}
208;Виталий;{"gender": "m", "name": "Виталий", "full": "Виталий"}
209;Виталик;{"name": "Виталик", "gender": "m", "full": "Виталий"}
210;Виталина;{"full": "Виталина", "gender": "f", "name": "Виталина"}
211;Виталия;{"full": "Виталия", "gender": "f", "name": "Виталия"}
212;Виталя;{"gender": "m", "name": "Виталя", "full": "Виталий"}
213;Витек;{"gender": "m", "name": "Витек", "full": "Виктор"}
214;Витенька;{"gender": "m", "name": "Витенька", "full": "Виктор"}
215;Витя;{"gender": "m", "name": "Витя", "full": "Виктор"}
216;Влад;{"gender": "m", "name": "Влад", "full": "Владислав"}
217;Влада;{"gender": "f", "name": "Влада", "full": "Владислава"}
218;Владик;{"gender": "m", "name": "Владик", "full": "Владислав"}
219;Владимер;{"full": "Владимер", "gender": "m", "name": "Владимер"}
220;Владимир;{"gender": "m", "name": "Владимир", "full": "Владимир"}
221;Владислав;{"gender": "m", "name": "Владислав", "full": "Владислав"}
222;Владислава;{"full": "Владислава", "gender": "f", "name": "Владислава"}
223;Владлен;{"full": "Владлен", "gender": "m", "name": "Владлен"}
224;Владлена;{"full": "Владлена", "gender": "f", "name": "Владлена"}
225;Владочка;{"gender": "f", "name": "Владочка", "full": "Владислава"}
226;Влас;{"full": "Влас", "gender": "m", "name": "Влас"}
227;Вова;{"gender": "m", "name": "Вова", "full": "Владимир"}
228;Вован;{"name": "Вован", "gender": "m", "full": "Владимир"}
229;Вовка;{"name": "Вовка", "gender": "m", "full": "Владимир"}
230;Вовочка;{"gender": "m", "name": "Вовочка", "full": "Владимир"}
231;Вовчик;{"name": "Вовчик", "gender": "m", "full": "Владимир"}
232;Володенька;{"gender": "m", "name": "Володенька", "full": "Владимир"}
233;Володимир;{"full": "Володимир", "gender": "m", "name": "Володимир"}
234;Володя;{"gender": "m", "name": "Володя", "full": "Владимир"}
235;Вольдемар;{"gender": "m", "name": "Вольдемар", "full": "Вольдемар"}
236;Вольф;{"full": "Вольф", "gender": "m", "name": "Вольф"}
237;Всеволод;{"full": "Всеволод", "gender": "m", "name": "Всеволод"}
238;Вячеслав;{"gender": "m", "name": "Вячеслав", "full": "Вячеслав"}
239;Гавриил;{"gender": "m", "name": "Гавриил", "full": "Гавриил"}
240;Галина;{"gender": "f", "name": "Галина", "full": "Галина"}
241;Галинка;{"name": "Галинка", "gender": "f", "full": "Галина"}
242;Галя;{"full": "Галина", "gender": "f", "name": "Галя"}
243;Гарик;{"name": "Гарик", "gender": "m", "full": "Георгий"}
244;Гарри;{"gender": "m", "name": "Гарри", "full": "Гарри"}
245;Геворг;{"full": "Геворг", "gender": "m", "name": "Геворг"}
246;Гелена;{"gender": "f", "name": "Гелена", "full": "Гелена"}
247;Гена;{"gender": "m", "name": "Гена", "full": "Геннадий"}
248;Генадий;{"full": "Генадий", "gender": "m", "name": "Генадий"}
249;Геннадий;{"gender": "m", "name": "Геннадий", "full": "Геннадий"}
250;Геночка;{"gender": "m", "name": "Геночка", "full": "Геннадий"}
251;Генриетта;{"gender": "f", "name": "Генриетта", "full": "Генриетта"}
252;Георгий;{"gender": "m", "name": "Георгий", "full": "Георгий"}
253;Герасим;{"gender": "m", "name": "Герасим", "full": "Герасим"}
254;Герман;{"full": "Герман", "gender": "m", "name": "Герман"}
255;Глеб;{"full": "Глеб", "gender": "m", "name": "Глеб"}
256;Глен;{"full": "Глен", "gender": "m", "name": "Глен"}
257;Гордей;{"full": "Гордей", "gender": "m", "name": "Гордей"}
258;Гоша;{"gender": "m", "name": "Гоша", "full": "Георгий"}
259;Гошенька;{"gender": "m", "name": "Гошенька", "full": "Георгий"}
260;Григорий;{"gender": "m", "name": "Григорий", "full": "Григорий"}
261;Гриша;{"gender": "m", "name": "Гриша", "full": "Григорий"}
262;Гришенька;{"gender": "m", "name": "Гришенька", "full": "Григорий"}
263;Гузель;{"full": "Гузель", "gender": "f", "name": "Гузель"}
264;Гулнур;{"full": "Гулнур", "gender": "f", "name": "Гулнур"}
265;Гульмира;{"full": "Гульмира", "gender": "f", "name": "Гульмира"}
266;Гульназ;{"full": "Гульназ", "gender": "f", "name": "Гульназ"}
267;Гульнар;{"full": "Гульнар", "gender": "f", "name": "Гульнар"}
268;Гульнара;{"full": "Гульнара", "gender": "f", "name": "Гульнара"}
269;Гульфия;{"full": "Гульфия", "gender": "f", "name": "Гульфия"}
270;Гуля;{"name": "Гуля", "gender": "f", "full": "Гульнара"}
271;Гюзель;{"gender": "f", "name": "Гюзель", "full": "Гюзель"}
272;Давид;{"gender": "m", "name": "Давид", "full": "Давид"}
273;Дамир;{"gender": "m", "name": "Дамир", "full": "Дамир"}
274;Дамира;{"full": "Дамира", "gender": "f", "name": "Дамира"}
275;Дамирчик;{"gender": "m", "name": "Дамирчик", "full": "Дамир"}
276;Данечка;{"gender": "m", "name": "Данечка", "full": "Даня"}
277;Даниил;{"gender": "m", "name": "Даниил", "full": "Даниил"}
278;Данил;{"gender": "m", "name": "Данил", "full": "Данил"}
279;Данила;{"gender": "m", "name": "Данила", "full": "Данила"}
280;Даниэль;{"gender": "m", "name": "Даниэль", "full": "Даниэль"}
281;Данияр;{"full": "Данияр", "gender": "m", "name": "Данияр"}
282;Данька ;{"gender": "m", "name": "Данька", "full": "Даня"}
283;Даня;{"gender": "m", "name": "Даня", "full": "Даня"}
284;Дарина;{"gender": "f", "name": "Дарина", "full": "Дарина"}
285;Дарьюшка;{"gender": "f", "name": "Дарьюшка", "full": "Дарья"}
286;Дарья;{"gender": "f", "name": "Дарья", "full": "Дарья"}
287;Даша;{"gender": "f", "name": "Даша", "full": "Дарья"}
288;Дашка;{"name": "Дашка", "gender": "f", "full": "Дарья"}
289;Дашуля;{"gender": "f", "name": "Дашуля", "full": "Дарья"}
290;Дашуня;{"name": "Дашуня", "gender": "f", "full": "Дарья"}
291;Демид;{"gender": "m", "name": "Демид", "full": "Демид"}
292;Демьян;{"full": "Демьян", "gender": "m", "name": "Демьян"}
293;Ден;{"name": "Ден", "gender": "m", "full": "Денис"}
294;Денис;{"gender": "m", "name": "Денис", "full": "Денис"}
295;Дениска;{"name": "Дениска", "gender": "m", "full":"Денис"}
296;Денисочка;{"gender": "m", "name": "Денисочка", "full": "Денис"}
297;Джамиля;{"full": "Джамиля", "gender": "f", "name": "Джамиля"}
298;Джеймс;{"gender": "m", "name": "Джеймс", "full": "Джеймс"}
299;Джек;{"full": "Джек", "gender": "m", "name": "Джек"}
300;Джонни;{"gender": "m", "name": "Джонни", "full": "Джонни"}
301;Джордж;{"full": "Джордж", "gender": "m", "name": "Джордж"}
302;Джулия;{"full": "Джулия", "gender": "f", "name": "Джулия"}
303;Джульетта;{"full": "Джульетта", "gender": "f", "name": "Джульетта"}
304;Диана;{"gender": "f", "name": "Диана", "full": "Диана"}
305;Дианочка;{"gender": "f", "name": "Дианочка", "full": "Диана"}
306;Диля;{"name": "Диля", "gender": "f", "full": "Диляра"}
307;Дима;{"gender": "m", "name": "Дима", "full": "Дмитрий"}
308;Димас;{"name": "Димас", "gender": "m", "full": "Дмитрий"}
309;Димка;{"name": "Димка", "gender": "m", "full": "Дмитрий"}
310;Димон;{"full": "Димон", "gender": "m", "name": "Дмитрий"}
311;Димочка;{"gender": "m", "name": "Димочка", "full": "Дмитрий"}
312;Дина;{"full": "Дина", "gender": "f", "name": "Дина"}
313;Динара;{"full": "Динара", "gender": "f", "name": "Динара"}
314;Дмитрий;{"gender": "m", "name": "Дмитрий", "full": "Дмитрий"}
315;Ева;{"gender": "f", "name": "Ева", "full": "Ева"}
316;Евген;{"name": "Евген", "gender": "m", "full": "Евгений"}
317;Евгений;{"gender": "m", "name": "Евгений", "full": "Евгений"}
318;Евгения;{"gender": "f", "name": "Евгения", "full": "Евгения"}
319;Евдоким;{"gender": "m", "name": "Евдоким", "full": "Евдоким"}
320;Евдокия;{"full": "Евдокия", "gender": "f", "name": "Евдокия"}
321;Егор;{"gender": "m", "name": "Егор", "full": "Егор"}
322;Егорка;{"name": "Егорка", "gender": "m", "full": "Егор"}
323;Егорушка;{"gender": "m", "name": "Егорушка", "full": "Егор"}
324;Едуард;{"full": "Едуард", "gender": "m", "name": "Едуард"}
325;Екатерина;{"gender": "f", "name": "Екатерина", "full": "Екатерина"}
326;Елена;{"gender": "f", "name": "Елена", "full": "Елена"}
327;Елизавета;{"full": "Елизавета", "gender": "f", "name": "Елизавета"}
328;Елизовета;{"gender": "f", "name": "Елизовета", "full": "Елизовета"}
329;Елисей;{"full": "Елисей", "gender": "m", "name": "Елисей"}
330;Емельян;{"gender": "m", "name": "Емельян", "full": "Емельян"}
331;Емеля;{"gender": "m", "name": "Емеля", "full": "Емельян"}
332;Ерик;{"full": "Ерик", "gender": "f", "name": "Ерик"}
333;Ермак;{"full": "Ермак", "gender": "m", "name": "Ермак"}
334;Ермолай;{"gender": "m", "name": "Ермолай", "full": "Ермолай"}
335;Ефим;{"gender": "m", "name": "Ефим", "full": "Ефим"}
336;Ефрем;{"gender": "m", "name": "Ефрем", "full": "Ефрем"}
337;Жамиля;{"full": "Жамиля", "gender": "f", "name": "Жамиля"}
338;Жанара;{"full": "Жанара", "gender": "f", "name": "Жанара"}
339;Жанна;{"full": "Жанна", "gender": "f", "name": "Жанна"}
340;Жасмин;{"full": "Жасмин", "gender": "f", "name": "Жасмин"}
341;Жека;{"name": "Жека", "gender": "m", "full": "Евгений"}
342;Женек;{"name": "Женек", "gender": "m", "full": "Евгений"}
343;Женечка;{"gender": "fm", "name": "Женечка", "full": "Женя"}
344;Женька;{"name": "Женька", "gender": "fm", "full": "Женя"}
345;Женя;{"gender": "fm", "name": "Женя", "full": "Женя"}
346;Жора;{"name": "Жора", "gender": "m", "full": "Георгий"}
347;Жорик;{"full": "Жорик", "gender": "m", "name": "Георгий"}
348;Заира;{"full": "Заира", "gender": "f", "name": "Заира"}
349;Залина;{"full": "Залина", "gender": "f", "name": "Залина"}
350;Замира;{"full": "Замира", "gender": "f", "name": "Замира"}
351;Зарина;{"full": "Зарина", "gender": "f", "name": "Зарина"}
352;Захар;{"gender": "m", "name": "Захар", "full": "Захар"}
353;Захарушка;{"gender": "m", "name": "Захарушка", "full": "Захар"}
354;Земфира;{"full": "Земфира", "gender": "f", "name": "Земфира"}
355;Зина;{"full": "Зинаида", "gender": "f", "name": "Зина"}
356;Зинаида;{"full": "Зинаида", "gender": "f", "name": "Зинаида"}
357;Зиновий;{"gender": "m", "name": "Зиновий", "full": "Зиновий"}
358;Злата;{"full": "Злата", "gender": "f", "name": "Злата"}
359;Зоя;{"gender": "f", "name": "Зоя", "full": "Зоя"}
360;Зульфия;{"full": "Зульфия", "gender": "f", "name": "Зульфия"}
361;Зуля;{"name": "Зуля", "gender": "f", "full": "Зульфия"}
362;Ибрагим;{"full": "Ибрагим", "gender": "m", "name": "Ибрагим"}
363;Иван;{"gender": "m", "name": "Иван", "full": "Иван"}
364;Игнат;{"full": "Игнат", "gender": "m", "name": "Игнат"}
365;Игнатий;{"gender": "m", "name": "Игнатий", "full": "Игнатий"}
366;Игор;{"full": "Игор", "gender": "m", "name": "Игор"}
367;Игорек;{"gender": "m", "name": "Игорек", "full": "Игорь"}
368;Игорь;{"gender": "m", "name": "Игорь", "full": "Игорь"}
369;Ида;{"full": "Ида", "gender": "f", "name": "Ида"}
370;Изабелла;{"full": "Изабелла", "gender": "f", "name": "Изабелла"}
371;Изяслав;{"gender": "m", "name": "Изяслав", "full": "Изяслав"}
372;Илларион;{"gender": "m", "name": "Илларион", "full": "Илларион"}
373;Илона;{"full": "Илона", "gender": "f", "name": "Илона"}
374;Ильгиз;{"full": "Ильгиз", "gender": "m", "name": "Ильгиз"}
375;Ильдар;{"gender": "m", "name": "Ильдар", "full": "Ильдар"}
376;Ильмир;{"full": "Ильмир", "gender": "m", "name": "Ильмир"}
377;Ильназ;{"full": "Ильназ", "gender": "m", "name": "Ильназ"}
378;Ильнур;{"full": "Ильнур", "gender": "m", "name": "Ильнур"}
379;Ильфат;{"full": "Ильфат", "gender": "m", "name": "Ильфат"}
380;Илья;{"gender": "m", "name": "Илья", "full": "Илья"}
381;Ильяс;{"full": "Ильяс", "gender": "m", "name": "Ильяс"}
382;Илюха;{"full": "Илья", "gender": "m", "name": "Илюха"}
383;Илюша;{"gender": "m", "name": "Илюша", "full": "Илья"}
384;Инга;{"full": "Инга", "gender": "f", "name": "Инга"}
385;Индира;{"full": "Индира", "gender": "f", "name": "Индира"}
386;Инесса;{"full": "Инесса", "gender": "f", "name": "Инесса"}
387;Инна;{"gender": "f", "name": "Инна", "full": "Инна"}
388;Иннокентий;{"full": "Иннокентий", "gender": "m", "name": "Иннокентий"}
389;Иосиф;{"full": "Иосиф", "gender": "m", "name": "Иосиф"}
390;Ира;{"gender": "f", "name": "Ира", "full": "Ирина"}
391;Ираклий;{"gender": "m", "name": "Ираклий", "full": "Ираклий"}
392;Ирен;{"full": "Ирен", "gender": "f", "name": "Ирен"}
393;Ирина;{"gender": "f", "name": "Ирина", "full": "Ирина"}
394;Иринка;{"name": "Иринка", "gender": "f", "full": "Ирина"}
395;Ириша;{"name": "Ириша", "gender": "f", "full": "Ирина"}
396;Иришка;{"gender": "f", "name": "Иришка", "full": "Ирина"}
397;Ирка;{"name": "Ирка", "gender": "f", "full": "Ирина"}
398;Ирма;{"full": "Ирма", "gender": "f", "name": "Ирма"}
399;Ирочка;{"gender": "f", "name": "Ирочка", "full": "Ирина"}
400;Ирэн;{"full": "Ирэн", "gender": "f", "name": "Ирэн"}
401;Исаак;{"gender": "m", "name": "Исаак", "full": "Исаак"}
402;Искандар;{"full": "Искандар", "gender": "m", "name": "Искандар"}
403;Искандер;{"full": "Искандер", "gender": "m", "name": "Искандер"}
404;Казимир;{"gender": "m", "name": "Казимир", "full": "Казимир"}
405;Калерия;{"gender": "f", "name": "Калерия", "full": "Калерия"}
406;Камила;{"full": "Камила", "gender": "f", "name": "Камила"}
407;Камилла;{"full": "Камилла", "gender": "f", "name": "Камилла"}
408;Камиль;{"full": "Камиль", "gender": "m", "name": "Камиль"}
409;Кантемир;{"full": "Кантемир", "gender": "m", "name": "Кантемир"}
410;Капитолина;{"gender": "f", "name": "Капитолина", "full": "Капитолина"}
411;Карен;{"full": "Карен", "gender": "m", "name": "Карен"}
412;Каренушка;{"gender": "m", "name": "Каренушка", "full": "Карен"}
413;Карим;{"gender": "m", "name": "Карим", "full": "Карим"}
414;Карина;{"gender": "f", "name": "Карина", "full": "Карина"}
415;Карл;{"full": "Карл", "gender": "m", "name": "Карл"}
416;Карла;{"full": "Карла", "gender": "f", "name": "Карла"}
417;Кармен;{"full": "Кармен", "gender": "f", "name": "Кармен"}
418;Каролина;{"gender": "f", "name": "Каролина", "full": "Каролина"}
419;Карэн;{"gender": "m", "name": "Карэн", "full": "Карэн"}
420;Катарина;{"full": "Катарина", "gender": "f", "name": "Катарина"}
421;Катенька;{"gender": "f", "name": "Катенька", "full": "Екатерина"}
422;Катерина;{"name": "Катерина", "gender": "f", "full": "Екатерина"}
423;Катеринка;{"full": "Екатерина", "gender": "f", "name": "Катеринка"}
424;Катрин;{"full": "Екатерина", "gender": "f", "name": "Катрин"}
425;Катрина;{"full": "Екатерина", "gender": "f", "name": "Катрина"}
426;Кать;{"gender": "f", "name": "Кать", "full": "Екатерина"}
427;Катька;{"name": "Катька", "gender": "f", "full": "Екатерина"}
428;Катюня;{"name": "Катюня", "gender": "f", "full": "Екатерина"}
429;Катюха;{"name": "Катюха", "gender": "f", "full": "Екатерина"}
430;Катюша;{"gender": "f", "name": "Катюша", "full": "Екатерина"}
431;Катюшка;{"full": "Катюшка", "gender": "f", "name": "Екатерина"}
432;Катя;{"gender": "f", "name": "Катя", "full": "Екатерина"}
433;Кеша;{"gender": "m", "name": "Кеша", "full": "Иннокентий"}
434;Ким;{"gender": "m", "name": "Ким", "full": "Ким"}
435;Кира;{"full": "Кира", "gender": "fm", "name": "Кира"}
436;Кирил;{"full": "Кирил", "gender": "m", "name": "Кирил"}
437;Кирилл;{"gender": "m", "name": "Кирилл", "full": "Кирилл"}
438;Кирюша;{"gender": "m", "name": "Кирюша", "full": "Кирилл"}
439;Клава;{"name": "Клава", "gender": "f", "full": "Клавдия"}
440;Клавдия;{"full": "Клавдия", "gender": "f", "name": "Клавдия"}
441;Клара;{"full": "Клара", "gender": "f", "name": "Клара"}
442;Клим;{"gender": "m", "name": "Клим", "full": "Клим"}
443;Клэр;{"full": "Клэр", "gender": "f", "name": "Клэр"}
444;Коленька;{"gender": "m", "name": "Коленька", "full": "Николай"}
445;Коля;{"gender": "m", "name": "Коля", "full": "Николай"}
446;Колян;{"gender": "m", "name": "Колян", "full": "Николай"}
447;Кондрат;{"gender": "m", "name": "Кондрат", "full": "Кондрат"}
448;Константин;{"gender": "m", "name": "Константин", "full": "Константин"}
449;Корнилий;{"gender": "m", "name": "Корнилий", "full": "Корнилий"}
450;Костик;{"gender": "m", "name": "Костик", "full": "Константин"}
451;Костя;{"gender": "m", "name": "Костя", "full": "Константин"}
452;Крис;{"full": "Крис", "gender": "f", "name": "Кристина"}
453;Кристи;{"name": "Кристи", "gender": "f", "full": "Кристина"}
454;Кристина;{"gender": "f", "name": "Кристина", "full": "Кристина"}
455;Кристиночка;{"gender": "f", "name": "Кристиночка", "full": "Кристина"}
456;Кристя;{"gender": "f", "name": "Кристя", "full": "Кристина"}
457;Ксения;{"gender": "f", "name": "Ксения", "full": "Ксения"}
458;Ксеня;{"name": "Ксеня", "gender": "f", "full": "Ксения"}
459;Ксю;{"gender": "f", "name": "Ксю", "full": "Ксения"}
460;Ксюша;{"gender": "f", "name": "Ксюша", "full": "Ксения"}
461;Ксюшенька;{"gender": "f", "name": "Ксюшенька", "full": "Ксения"}
462;Кузьма;{"full": "Кузьма", "gender": "m", "name": "Кузьма"}
463;Кузя;{"name": "Кузя", "gender": "m", "full": "Кузьма"}
464;Кэтрин;{"full": "Кэтрин", "gender": "f", "name": "Кэтрин"}
465;Лада;{"full": "Лада", "gender": "f", "name": "Лада"}
466;Лазарь;{"gender": "m", "name": "Лазарь", "full": "Лазарь"}
467;Лайма;{"gender": "f", "name": "Лайма", "full": "Лайма"}
468;Лана;{"name": "Лана", "gender": "f", "full": "Лана"}
469;Лара;{"full": "Лара", "gender": "f", "name": "Лариса"}
470;Лариса;{"gender": "f", "name": "Лариса", "full": "Лариса"}
471;Лаура;{"gender": "f", "name": "Лаура", "full": "Лаура"}
472;Лев;{"gender": "m", "name": "Лев", "full": "Лев"}
473;Лева;{"gender": "m", "name": "Лева", "full": "Лев"}
474;Лейла;{"full": "Лейла", "gender": "f", "name": "Лейла"}
475;Лейсан;{"full": "Лейсан", "gender": "f", "name": "Лейсан"}
476;Лелик;{"name": "Лелик", "gender": "fm", "full": "Лелик"}
477;Лена;{"gender": "f", "name": "Лена", "full": "Елена"}
478;Ленка;{"name": "Ленка", "gender": "f", "full": "Елена"}
479;Леночка;{"gender": "f", "name": "Леночка", "full": "Елена"}
480;Леня;{"name": "Леня", "gender": "m", "full": "Леонид"}
481;Лео;{"full": "Лео", "gender": "m", "name": "Лео"}
482;Леонард;{"gender": "m", "name": "Леонард", "full": "Леонард"}
483;Леонид;{"full": "Леонид", "gender": "m", "name": "Леонид"}
484;Леонтий;{"gender": "m", "name": "Леонтий", "full": "Леонтий"}
485;Лера;{"gender": "f", "name": "Лера", "full": "Валерия"}
486;Лерка;{"name": "Лерка", "gender": "f", "full": "Валерия"}
487;Лерочка;{"gender": "f", "name": "Лерочка", "full": "Валерия"}
488;Леся;{"full": "Леся", "gender": "f", "name": "Леся"}
489;Леха;{"name": "Леха", "gender": "m", "full": "Алексей"}
490;Леша;{"gender": "m", "name": "Леша", "full": "Алексей"}
491;Лиана;{"full": "Лиана", "gender": "f", "name": "Лиана"}
492;Лидия;{"full": "Лидия", "gender": "f", "name": "Лидия"}
493;Лиза;{"gender": "f", "name": "Лиза", "full": "Елизавета"}
494;Лизавета;{"name": "Лизавета", "gender": "f", "full": "Елизавета"}
495;Лизка;{"name": "Лизка", "gender": "f", "full": "Елизавета"}
496;Лизонька;{"gender": "f", "name": "Лизонька", "full": "Елизавета"}
497;Лика;{"full": "Лика", "gender": "f", "name": "Лика"}
498;Лили;{"full": "Лилия", "gender": "f", "name": "Лили"}
499;Лилиана;{"full": "Лилиана", "gender": "f", "name": "Лилиана"}
500;Лилит;{"full": "Лилит", "gender": "f", "name": "Лилит"}
501;Лилия;{"full": "Лилия", "gender": "f", "name": "Лилия"}
502;Лиля;{"full": "Лилия", "gender": "f", "name": "Лиля"}
503;Лина;{"full": "Лина", "gender": "f", "name": "Лина"}
504;Линда;{"full": "Линда", "gender": "f", "name": "Линда"}
505;Лия;{"full": "Лия", "gender": "f", "name": "Лия"}
506;Лола;{"full": "Лола", "gender": "f", "name": "Лола"}
507;Лолита;{"full": "Лолита", "gender": "f", "name": "Лолита"}
508;Лора;{"full": "Лора", "gender": "f", "name": "Лора"}
509;Луиза;{"full": "Луиза", "gender": "f", "name": "Луиза"}
510;Лука;{"gender": "m", "name": "Лука", "full": "Лука"}
511;Лукьян;{"gender": "m", "name": "Лукьян", "full": "Лукьян"}
512;Люба;{"gender": "f", "name": "Люба", "full": "Любовь"}
513;Любава;{"name": "Любава", "gender": "f", "full": "Любава"}
514;Любовь;{"gender": "f", "name": "Любовь", "full": "Любовь"}
515;Любочка;{"gender": "f", "name": "Любочка", "full": "Любовь"}
516;Люда;{"gender": "f", "name": "Люда", "full": "Людмила"}
517;Людмила;{"gender": "f", "name": "Людмила", "full": "Людмила"}
518;Людочка;{"gender": "f", "name": "Людочка", "full": "Людмила"}
519;Люси;{"full": "Люси", "gender": "f", "name": "Люси"}
520;Люся;{"name": "Люся", "gender": "f", "full": "Людмила"}
521;Магамед;{"full": "Магамед", "gender": "m", "name": "Магамед"}
522;Магдалена;{"full": "Магдалена", "gender": "f", "name": "Магдалена"}
523;Магомед;{"full": "Магомед", "gender": "m", "name": "Магомед"}
524;Мадина;{"full": "Мадина", "gender": "f", "name": "Мадина"}
525;Майк;{"gender": "m", "name": "Майк", "full": "Майк"}
526;Майя;{"full": "Майя", "gender": "f", "name": "Майя"}
527;Макар;{"full": "Макар", "gender": "m", "name": "Макар"}
528;Макс;{"gender": "m", "name": "Макс", "full": "Максим"}
529;Максим;{"gender": "m", "name": "Максим", "full": "Максим"}
530;Максимилиан;{"gender": "m", "name": "Максимилиан", "full": "Максимилиан"}
531;Максимушка;{"gender": "m", "name": "Максимушка", "full": "Максим"}
532;Мальвина;{"full": "Мальвина", "gender": "f", "name": "Мальвина"}
533;Маня;{"name": "Маня", "gender": "f", "full": "Мария"}
534;Марат;{"full": "Марат", "gender": "m", "name": "Марат"}
535;Маргарита;{"gender": "f", "name": "Маргарита", "full": "Маргарита"}
536;Марго;{"name": "Марго", "gender": "f", "full": "Маргарита"}
537;Маргоша;{"name": "Маргоша", "gender": "f", "full":"Маргарита"}
538;Мари;{"name": "Мари", "gender": "f", "full": "Мария"}
539;Мариам;{"full": "Мариам", "gender": "f", "name": "Мариам"}
540;Мариана;{"full": "Мариана", "gender": "f", "name": "Мариана"}
541;Марианна;{"name": "Марианна", "gender": "f", "full": "Марианна"}
542;Марик;{"gender": "m", "name": "Марик", "full": "Марк"}
543;Марина;{"gender": "f", "name": "Марина", "full": "Марина"}
544;Маринка;{"name": "Маринка", "gender": "f", "full": "Марина"}
545;Мариночка;{"gender": "f", "name": "Мариночка", "full": "Марина"}
546;Мариша;{"name": "Мариша", "gender": "f", "full": "Марина"}
547;Маришка;{"full": "Марина", "gender": "f", "name": "Маришка"}
548;Мария;{"gender": "f", "name": "Мария", "full": "Мария"}
549;Мариям;{"full": "Мариям", "gender": "f", "name": "Мариям"}
550;Марк;{"gender": "m", "name": "Марк", "full": "Марк"}
551;Маркуша;{"gender": "m", "name": "Маркуша", "full": "Марк"}
552;Марта;{"gender": "f", "name": "Марта", "full": "Марта"}
553;Маруся;{"name": "Маруся", "gender": "f", "full":"Мария"}
554;Марфа;{"gender": "f", "name": "Марфа", "full": "Марфа"}
555;Марья;{"full": "Мария", "gender": "f", "name": "Марья"}
556;Марьям;{"full": "Марьям", "gender": "f", "name": "Марьям"}
557;Марьяна;{"full": "Марьяна", "gender": "f", "name": "Марьяна"}
558;Матвей;{"gender": "m", "name": "Матвей", "full": "Матвей"}
559;Матфеюшка;{"gender": "m", "name": "Матфеюшка", "full": "Матвей"}
560;Маша;{"gender": "f", "name": "Маша", "full": "Мария"}
561;Машка;{"gender": "f", "name": "Машка", "full": "Мария"}
562;Машуля;{"gender": "f", "name": "Машуля", "full": "Мария"}
563;Мери;{"full": "Мери", "gender": "f", "name": "Мери"}
564;Милана;{"gender": "f", "name": "Милана", "full": "Милана"}
565;Милена;{"full": "Милена", "gender": "f", "name": "Милена"}
566;Мира;{"full": "Мирослава", "gender": "f", "name": "Мира"}
567;Миранда;{"full": "Миранда", "gender": "f", "name": "Миранда"}
568;Мирон;{"gender": "m", "name": "Мирон", "full": "Мирон"}
569;Мирослав;{"gender": "m", "name": "Мирослав", "full": "Мирослав"}
570;Мирослава;{"full": "Мирослава", "gender": "f", "name": "Мирослава"}
571;Мирра;{"gender": "f", "name": "Мирра", "full": "Мирра"}
572;Митрофан;{"gender": "m", "name": "Митрофан", "full": "Митрофан"}
573;Митя;{"name": "Митя", "gender": "m", "full": "Дмитрий"}
574;Миха;{"name": "Миха", "gender": "m", "full": "Михаил"}
575;Михаил;{"gender": "m", "name": "Михаил", "full": "Михаил"}
576;Миша;{"gender": "m", "name": "Миша", "full": "Михаил"}
577;Мишаня;{"name": "Мишаня", "gender": "m", "full": "Михаил"}
578;Мишенька;{"gender": "m", "name": "Мишенька", "full": "Михаил"}
579;Мишка;{"gender": "m", "name": "Мишка", "full": "Михаил"}
580;Модест;{"gender": "m", "name": "Модест", "full": "Модест"}
581;Моисей;{"gender": "m", "name": "Моисей", "full": "Моисей"}
582;Моника;{"full": "Моника", "gender": "f", "name": "Моника"}
583;Мстислав;{"gender": "m", "name": "Мстислав", "full": "Мстислав"}
584;Мурад;{"full": "Мурад", "gender": "m", "name": "Мурад"}
585;Мурат;{"gender": "m", "name": "Мурат", "full": "Мурат"}
586;Муратик;{"gender": "m", "name": "Муратик", "full": "Мурат"}
587;Мустафа;{"full": "Мустафа", "gender": "m", "name": "Мустафа"}
588;Мухтар;{"full": "Мухтар", "gender": "m", "name": "Мухтар"}
589;Мэри;{"gender": "f", "name": "Мэри", "full": "Мэри"}
590;Надежда;{"gender": "f", "name": "Надежда", "full": "Надежда"}
591;Наденька;{"gender": "f", "name": "Наденька", "full": "Надежда"}
592;Надия;{"full": "Надия", "gender": "f", "name": "Надия"}
593;Надя;{"gender": "f", "name": "Надя", "full": "Надежда"}
594;Назар;{"full": "Назар", "gender": "m", "name": "Назар"}
595;Назгуль;{"full": "Назгуль", "gender": "f", "name": "Назгуль"}
596;Назира;{"full": "Назира", "gender": "f", "name": "Назира"}
597;Наиль;{"full": "Наиль", "gender": "m", "name": "Наиль"}
598;Наргиз;{"full": "Наргиз", "gender": "f", "name": "Наргиз"}
599;Настасья;{"name": "Настасья", "gender": "f", "full": "Анастасия"}
600;Настена;{"full": "Настена", "gender": "f", "full": "Анастасия"}
601;Настенька;{"gender": "f", "name": "Настенька", "full": "Анастасия"}
602;Настюха;{"name": "Настюха", "gender": "f", "full": "Анастасия"}
603;Настя;{"gender": "f", "name": "Настя", "full": "Анастасия"}
604;Ната;{"name": "Ната", "gender": "f", "full": "Наталия"}
605;Натали;{"gender": "f", "name": "Натали", "full": "Натали"}
606;Наталия;{"gender": "f", "name": "Наталия", "full": "Наталия"}
607;Наталка;{"name": "Наталка", "gender": "f", "full": "Наталия"}
608;Наталья;{"gender": "f", "name": "Наталья", "full": "Наталья"}
609;Наталя;{"name": "Наталя", "gender": "f", "full": "Наталия"}
610;Натан;{"gender": "m", "name": "Натан", "full": "Натан"}
611;Наташа;{"gender": "f", "name": "Наташа", "full": "Наталия"}
612;Наташенька;{"gender": "f", "name": "Наташенька", "full": "Наталия"}
613;Наташка;{"name": "Наташка", "gender": "f", "full": "Наталия"}
614;Натка;{"name": "Натка", "gender": "f", "full": "Наталия"}
615;Натусик;{"name": "Натусик", "gender": "f", "full": "Наталия"}
616;Натуська;{"name": "Натуська", "gender": "f", "full": "Наталия"}
617;Натуся;{"name": "Натуся", "gender": "f", "full": "Наталия"}
618;Наум;{"gender": "m", "name": "Наум", "full": "Наум"}
619;Нелли;{"full": "Нелли", "gender": "f", "name": "Нелли"}
620;Нелля;{"full": "Нелля", "gender": "f", "name": "Нелля"}
621;Неля;{"name": "Неля", "gender": "f", "full": "Неля"}
622;Нестор;{"gender": "m", "name": "Нестор", "full": "Нестор"}
623;Ника;{"gender": "f", "name": "Ника", "full": "Ника"}
624;Никита;{"gender": "m", "name": "Никита", "full": "Никита"}
625;Никиточка;{"gender": "m", "name": "Никиточка", "full": "Никита"}
626;Никифор;{"gender": "m", "name": "Никифор", "full": "Никифор"}
627;Никола;{"full": "Никола", "gender": "m", "name": "Никола"}
628;Николай;{"gender": "m", "name": "Николай", "full": "Николай"}
629;Николь;{"full": "Николь", "gender": "f", "name": "Николь"}
630;Николя;{"full": "Николя", "gender": "m", "name": "Николя"}
631;Никон;{"gender": "m", "name": "Никон", "full": "Никон"}
632;Нина;{"gender": "f", "name": "Нина", "full": "Нина"}
633;Нинель;{"full": "Нинель", "gender": "f", "name": "Нинель"}
634;Ниночка;{"gender": "f", "name": "Ниночка", "full": "Нина"}
635;Нона;{"full": "Нона", "gender": "f", "name": "Нона"}
636;Нонна;{"full": "Нонна", "gender": "f", "name": "Нонна"}
637;Нора;{"gender": "f", "name": "Нора", "full": "Нора"}
638;Нурия;{"full": "Нурия", "gender": "f", "name": "Нурия"}
639;Нурлан;{"full": "Нурлан", "gender": "m", "name": "Нурлан"}
640;Нурсултан;{"full": "Нурсултан", "gender": "m", "name": "Нурсултан"}
641;Нюта;{"name": "Нюта", "gender": "f", "full": "Анна"}
642;Нюша;{"full": "Нюша", "gender": "f", "name": "Анна"}
643;Оксана;{"gender": "f", "name": "Оксана", "full": "Оксана"}
644;Олег;{"gender": "m", "name": "Олег", "full": "Олег"}
645;Олежек;{"gender": "m", "name": "Олежек", "full": "Олег"}
646;Олежка;{"name": "Олежка", "gender": "m", "full": "Олег"}
647;Оленка;{"full": "Олена", "gender": "f", "name": "Оленка"}
648;Оленька;{"name": "Оленька", "gender": "f", "full": "Ольга"}
649;Олесенька;{"gender": "f", "name": "Олесенька", "full": "Олеся"}
650;Олеся;{"gender": "f", "name": "Олеся", "full": "Олеся"}
651;Олечка;{"gender": "f", "name": "Олечка", "full": "Ольга"}
652;Ольга;{"gender": "f", "name": "Ольга", "full": "Ольга"}
653;Олька;{"name": "Олька", "gender": "f", "full": "Ольга"}
654;Оля;{"gender": "f", "name": "Оля", "full": "Ольга"}
655;Осип;{"gender": "m", "name": "Осип", "full": "Осип"}
656;Оскар;{"full": "Оскар", "gender": "m", "name": "Оскар"}
657;Остап;{"full": "Остап", "gender": "m", "name": "Остап"}
658;Павел;{"gender": "m", "name": "Павел", "full": "Павел"}
659;Павлик;{"name": "Павлик", "gender": "m", "full": "Павел"}
660;Патрик;{"full": "Патрик", "gender": "m", "name": "Патрик"}
661;Паша;{"gender": "m", "name": "Паша", "full": "Павел"}
662;Пашенька;{"gender": "m", "name": "Пашенька", "full": "Павел"}
663;Пашка;{"name": "Пашка", "gender": "m", "full": "Павел"}
664;Пелагея;{"full": "Пелагея", "gender": "f", "name": "Пелагея"}
665;Петр;{"gender": "m", "name": "Петр", "full": "Петр"}
666;Петро;{"full": "Петро", "gender": "m", "name": "Петро"}
667;Петруша;{"gender": "m", "name": "Петруша", "full": "Петр"}
668;Петя;{"gender": "m", "name": "Петя", "full": "Петр"}
669;Платон;{"full": "Платон", "gender": "m", "name": "Платон"}
670;Полечка;{"gender": "f", "name": "Полечка", "full": "Полина"}
671;Полина;{"gender": "f", "name": "Полина", "full": "Полина"}
672;Поля;{"gender": "f", "name": "Поля", "full": "Полина"}
673;Порфирий;{"gender": "m", "name": "Порфирий", "full": "Порфирий"}
674;Прасковья;{"full": "Прасковья", "gender": "f", "name": "Прасковья"}
675;Прокофий;{"gender": "m", "name": "Прокофий", "full": "Прокофий"}
676;Прохор;{"gender": "m", "name": "Прохор", "full": "Прохор"}
677;Равиль;{"full": "Равиль", "gender": "m", "name": "Равиль"}
678;Равшан;{"gender": "m", "name": "Равшан", "full": "Равшан"}
679;Равшанчик;{"gender": "m", "name": "Равшанчик", "full": "Равшан"}
680;Радик;{"full": "Радик", "gender": "m", "name": "Радик"}
681;Радмир;{"full": "Радмир", "gender": "m", "name": "Радмир"}
682;Радомир;{"gender": "m", "name": "Радомир", "full": "Радомир"}
683;Раиль;{"full": "Раиль", "gender": "m", "name": "Раиль"}
684;Раиса;{"full": "Раиса", "gender": "f", "name": "Раиса"}
685;Раймонд;{"gender": "m", "name": "Раймонд", "full": "Раймонд"}
686;Рамиль;{"full": "Рамиль", "gender": "m", "name": "Рамиль"}
687;Рамиля;{"full": "Рамиля", "gender": "f", "name": "Рамиля"}
688;Рамис;{"gender": "m", "name": "Рамис", "full": "Рамис"}
689;Ратмир;{"gender": "m", "name": "Ратмир", "full": "Ратмир"}
690;Рафаэль;{"full": "Рафаэль", "gender": "m", "name": "Рафаэль"}
691;Рафик;{"full": "Рафик", "gender": "m", "name": "Рафик"}
692;Регина;{"gender": "f", "name": "Регина", "full": "Регина"}
693;Рем;{"gender": "m", "name": "Рем", "full": "Рем"}
694;Ренат;{"full": "Ренат", "gender": "m", "name": "Ренат"}
695;Рената;{"full": "Рената", "gender": "f", "name": "Рената"}
696;Римма;{"full": "Римма", "gender": "f", "name": "Римма"}
697;Ринат;{"gender": "m", "name": "Ринат", "full": "Ринат"}
698;Ринатик;{"gender": "m", "name": "Ринатик", "full": "Ринат"}
699;Рита;{"gender": "f", "name": "Рита", "full": "Рита"}
700;Ришат;{"full": "Ришат", "gender": "m", "name": "Ришат"}
701;Роберт;{"gender": "m", "name": "Роберт", "full": "Роберт"}
702;Родион;{"full": "Родион", "gender": "m", "name": "Родион"}
703;Роза;{"gender": "f", "name": "Роза", "full": "Роза"}
704;Розалия;{"full": "Розалия", "gender": "f", "name": "Розалия"}
705;Роксана;{"full": "Роксана", "gender": "f", "name": "Роксана"}
706;Ролан;{"gender": "m", "name": "Ролан", "full": "Ролан"}
707;Рома;{"gender": "m", "name": "Рома", "full": "Роман"}
708;Роман;{"gender": "m", "name": "Роман", "full": "Роман"}
709;Ромочка;{"gender": "m", "name": "Ромочка", "full": "Роман"}
710;Ростислав;{"full": "Ростислав", "gender": "m", "name": "Ростислав"}
711;Рудольф;{"gender": "m", "name": "Рудольф", "full": "Рудольф"}
712;Рузанна;{"full": "Рузанна", "gender": "f", "name": "Рузанна"}
713;Руслан;{"gender": "m", "name": "Руслан", "full": "Руслан"}
714;Руслана;{"gender": "f", "name": "Руслана", "full": "Руслана"}
715;Русланчик;{"gender": "m", "name": "Русланчик", "full": "Руслан"}
716;Рустам;{"full": "Рустам", "gender": "m", "name": "Рустам"}
717;Рустем;{"full": "Рустем", "gender": "m", "name": "Рустем"}
718;Руся;{"name": "Руся", "gender": "fm", "full": "Руся"}
719;Сабина;{"gender": "f", "name": "Сабина", "full": "Сабина"}
720;Сабрина;{"full": "Сабрина", "gender": "f", "name": "Сабрина"}
721;Савва;{"gender": "m", "name": "Савва", "full": "Савва"}
722;Савелий;{"full": "Савелий", "gender": "m", "name": "Савелий"}
723;Саид;{"full": "Саид", "gender": "m", "name": "Саид"}
724;Самсон;{"full": "Самсон", "gender": "m", "name": "Самсон"}
725;Самуил;{"gender": "m", "name": "Самуил", "full": "Самуил"}
726;Сандра;{"full": "Сандра", "gender": "f", "name": "Сандра"}
727;Санек;{"gender": "m", "name": "Санек", "full": "Александр"}
728;Санечка;{"name": "Санечка", "gender": "fm", "full": "Саша"}
729;Саня;{"gender": "fm", "name": "Саня", "full": "Саша"}
730;Сарра;{"gender": "f", "name": "Сарра", "full": "Сарра"}
731;Саша;{"gender": "fm", "name": "Саша", "full": "Саша"}
732;Сашенька;{"gender": "fm", "name": "Сашенька", "full": "Саша"}
733;Сашка;{"gender": "fm", "name": "Сашка", "full": "Саша"}
734;Света;{"gender": "f", "name": "Света", "full": "Светлана"}
735;Светик;{"gender": "f", "name": "Светик", "full": "Светлана"}
736;Светка;{"name": "Светка", "gender": "f", "full": "Светлана"}
737;Светлана;{"gender": "f", "name": "Светлана", "full": "Светлана"}
738;Светочка;{"name": "Светочка", "gender": "f", "full": "Светлана"}
739;Святослав;{"gender": "m", "name": "Святослав", "full": "Святослав"}
740;Себастьян;{"full": "Себастьян", "gender": "m", "name": "Себастьян"}
741;Сева;{"name": "Сева", "gender": "m", "full": "Всеволод"}
742;Севастьян;{"gender": "m", "name": "Севастьян", "full": "Севастьян"}
743;Сема;{"name": "Сема", "gender": "m", "full": "Семен"}
744;Семен;{"full": "Семен", "gender": "m", "name": "Семен"}
745;Сеня;{"name": "Сеня", "gender": "m", "full": "Арсений"}
746;Серафим;{"full": "Серафим", "gender": "m", "name": "Серафим"}
747;Серафима;{"full": "Серафима", "gender": "f", "name": "Серафима"}
748;Сергей;{"gender": "m", "name": "Сергей", "full": "Сергей"}
749;Сергий;{"full": "Сергий", "gender": "m", "name": "Сергий"}
750;Серега;{"name": "Серега", "gender": "m", "full": "Сергей"}
751;Сережа;{"gender": "m", "name": "Сережа", "full": "Сергей"}
752;Сереженька;{"gender": "m", "name": "Сереженька", "full": "Сергей"}
753;Сережка;{"gender": "m", "name": "Сережка", "full": "Сергей"}
754;Серж;{"name": "Серж", "gender": "m", "full": "Серж"}
755;Сидор;{"full": "Сидор", "gender": "m", "name": "Cидор"}
756;Сима;{"name": "Сима", "gender": "f", "full": "Серафима"}
757;Слава;{"name": "Слава", "gender": "fm", "full": "Слава"}
758;Славик;{"gender": "m", "name": "Славик", "full": "Вячеслав"}
759;Снежана;{"gender": "f", "name": "Снежана", "full": "Снежана"}
760;Снежанна;{"full": "Снежанна", "gender": "f", "name": "Снежанна"}
761;Соломон;{"gender": "m", "name": "Соломон", "full": "Соломон"}
762;Сонечка;{"gender": "f", "name": "Сонечка", "full": "София"}
763;Соня;{"gender": "f", "name": "Соня", "full": "София"}
764;Софи;{"full": "Софи", "gender": "f", "name": "Софи"}
765;София;{"gender": "f", "name": "София", "full": "София"}
766;Софья;{"gender": "f", "name": "Софья", "full": "Софья"}
767;Спартак;{"gender": "m", "name": "Спартак", "full": "Спартак"}
768;Станислав;{"gender": "m", "name": "Станислав", "full": "Станислав"}
769;Станислава;{"gender": "f", "name": "Станислава", "full": "Станислава"}
770;Стас;{"gender": "m", "name": "Стас", "full": "Станислав"}
771;Стасик;{"gender": "m", "name": "Стасик", "full": "Станислав"}
772;Стася;{"name": "Стася", "gender": "f", "full": "Станислава"}
773;Стелла;{"full": "Стелла", "gender": "f", "name": "Стелла"}
774;Степа;{"gender": "m", "name": "Степа", "full": "Степан"}
775;Степан;{"gender": "m", "name": "Степан", "full": "Степан"}
776;Степушка;{"gender": "m", "name": "Степушка", "full": "Степан"}
777;Стефания;{"full": "Стефания", "gender": "f", "name": "Стефания"}
778;Сусанна;{"full": "Сусанна", "gender": "f", "name": "Сусанна"}
779;Сюзанна;{"full": "Сюзанна", "gender": "f", "name": "Сюзанна"}
780;Тагир;{"full": "Тагир", "gender": "m", "name": "Тагир"}
781;Таисия;{"full": "Таисия", "gender": "f", "name": "Таисия"}
782;Тамара;{"full": "Тамара", "gender": "f", "name": "Тамара"}
783;Тамерлан;{"full": "Тамерлан", "gender": "m", "name": "Тамерлан"}
784;Тамила;{"full": "Тамила", "gender": "f", "name": "Тамила"}
785;Танюшка;{"gender": "f", "name": "Танюшка", "full": "Татьяна"}
786;Таня;{"gender": "f", "name": "Таня", "full": "Татьяна"}
787;Тарас;{"full": "Тарас", "gender": "m", "name": "Тарас"}
788;Тася;{"name": "Тася", "gender": "f", "full": "Таисия"}
789;Татьяна;{"gender": "f", "name": "Татьяна", "full": "Татьяна"}
790;Татьянка;{"name": "Татьянка", "gender": "f", "full": "Татьяна"}
791;Таша;{"name": "Таша", "gender": "f", "full": "Таша"}
792;Тая;{"full": "Таисия", "gender": "f", "name": "Тая"}
793;Тема;{"gender": "m", "name": "Тема", "full": "Артем"}
794;Темка;{"name": "Темка", "gender": "m", "full": "Артем"}
795;Терентий;{"gender": "m", "name": "Терентий", "full": "Терентий"}
796;Тигран;{"full": "Тигран", "gender": "m", "name": "Тигран"}
797;Тима;{"gender": "m", "name": "Тима", "full": "Тимофей"}
798;Тимофей;{"gender": "m", "name": "Тимофей", "full": "Тимофей"}
799;Тимоха;{"gender": "m", "name": "Тимоха", "full": "Тимофей"}
800;Тимоша;{"gender": "m", "name": "Тимоша", "full": "Тимофей"}
801;Тимур;{"gender": "m", "name": "Тимур", "full": "Тимур"}
802;Тит;{"gender": "m", "name": "Тит", "full": "Тит"}
803;Тихон;{"full": "Тихон", "gender": "m", "name": "Тихон"}
804;Толенька;{"gender": "m", "name": "Толенька", "full": "Анатолий"}
805;Толик;{"gender": "m", "name": "Толик", "full": "Анатолий"}
806;Толя;{"gender": "m", "name": "Толя", "full": "Анатолий"}
807;Толян;{"name": "Толян", "gender": "m", "full": "Виталий"}
808;Тома;{"full": "Тамара", "gender": "f", "name": "Тамара"}
809;Томас;{"full": "Томас", "gender": "m", "name": "Томас"}
810;Томила;{"gender": "f", "name": "Томила", "full": "Томила"}
811;Тоня;{"gender": "f", "name": "Тоня", "full": "Антонина"}
812;Тоша;{"name": "Тоша", "gender": "m", "full": "Антон"}
813;Трифон;{"gender": "m", "name": "Трифон", "full": "Трифон"}
814;Трофим;{"full": "Трофим", "gender": "m", "name": "Трофим"}
815;Улечка;{"gender": "f", "name": "Улечка", "full": "Ульяна"}
816;Ульяна;{"gender": "f", "name": "Ульяна", "full": "Ульяна"}
817;Уля;{"gender": "f", "name": "Уля", "full": "Ульяна"}
818;Уляна;{"full": "Ульяна", "gender": "f", "name": "Уляна"}
819;Устин;{"gender": "m", "name": "Устин", "full": "Устин"}
820;Фаддей;{"gender": "m", "name": "Фаддей", "full": "Фаддей"}
821;Фаина;{"full": "Фаина", "gender": "f", "name": "Фаина"}
822;Фарид;{"full": "Фарид", "gender": "m", "name": "Фарид"}
823;Фархад;{"gender": "m", "name": "Фархад", "full": "Фархад"}
824;Фатима;{"full": "Фатима", "gender": "f", "name": "Фатима"}
825;Феденька;{"gender": "m", "name": "Феденька", "full": "Федор"}
826;Федор;{"gender": "m", "name": "Федор", "full": "Федор"}
827;Федот;{"gender": "m", "name": "Федот", "full": "Федот"}
828;Федя;{"gender": "m", "name": "Федя", "full": "Федор"}
829;Феликс;{"full": "Феликс", "gender": "m", "name": "Феликс"}
830;Фернандо;{"full": "Фернандо", "gender": "m", "name": "Фернандо"}
831;Филимон;{"gender": "m", "name": "Филимон", "full": "Филимон"}
832;Филип;{"full": "Филип", "gender": "m", "name": "Филип"}
833;Филипп;{"full": "Филипп", "gender": "m", "name": "Филипп"}
834;Флора;{"full": "Флора", "gender": "f", "name": "Флора"}
835;Флорентий;{"gender": "m", "name": "Флорентий", "full": "Флорентий"}
836;Флюра;{"full": "Флюра", "gender": "f", "name": "Флюра"}
837;Фома;{"gender": "m", "name": "Фома", "full": "Фома"}
838;Фрида;{"gender": "f", "name": "Фрида", "full": "Фрида"}
839;Фрося;{"name": "Фрося", "gender": "f", "full": "Ефросинья"}
840;Харитон;{"gender": "m", "name": "Харитон", "full": "Харитон"}
841;Хелена;{"full": "Хелена", "gender": "f", "name": "Хелена"}
842;Христиан;{"gender": "m", "name": "Христиан", "full": "Христиан"}
843;Христина;{"full": "Христина", "gender": "f", "name": "Христина"}
844;Христофор;{"gender": "m", "name": "Христофор", "full": "Христофор"}
845;Чулпан;{"full": "Чулпан", "gender": "f", "name": "Чулпан"}
846;Шамиль;{"full": "Шамиль", "gender": "m", "name": "Шамиль"}
847;Шура;{"name": "Шура", "gender": "fm", "full": "Саша"}
848;Шурик;{"gender": "m", "name": "Шурик", "full": "Александр"}
849;Эвелина;{"full": "Эвелина", "gender": "f", "name": "Эвелина"}
850;Эдвард;{"full": "Эдвард", "gender": "m", "name": "Эдвард"}
851;Эдик;{"name": "Эдик", "gender": "m", "full": "Эдуард"}
852;Эдита;{"gender": "f", "name": "Эдита", "full": "Эдита"}
853;Эдичка;{"gender": "m", "name": "Эдичка", "full": "Эдуард"}
854;Эдуард;{"gender": "m", "name": "Эдуард", "full": "Эдуард"}
855;Элена;{"full": "Элена", "gender": "f", "name": "Элена"}
856;Элеонора;{"full": "Элеонора", "gender": "f", "name": "Элеонора"}
857;Элиза;{"full": "Элиза", "gender": "f", "name": "Элиза"}
858;Элина;{"full": "Элина", "gender": "f", "name": "Элина"}
859;Элла;{"gender": "f", "name": "Элла", "full": "Элла"}
860;Эллина;{"full": "Эллина", "gender": "f", "name": "Эллина"}
861;Эльвина;{"full": "Эльвина", "gender": "f", "name": "Эльвина"}
862;Эльвира;{"gender": "f", "name": "Эльвира", "full": "Эльвира"}
863;Эльдар;{"gender": "m", "name": "Эльдар", "full": "Эльдар"}
864;Эльза;{"full": "Эльза", "gender": "f", "name": "Эльза"}
865;Элька;{"full": "Эльвира", "gender": "f", "name": "Элька"}
866;Эльмира;{"gender": "f", "name": "Эльмира", "full": "Эльмира"}
867;Эльнур;{"full": "Эльнур", "gender": "m", "name": "Эльнур"}
868;Эля;{"name": "Эля", "gender": "f", "full": "Эльвира"}
869;Эмели;{"full": "Эмели", "gender": "f", "name": "Эмели"}
870;Эмили;{"full": "Эмили", "gender": "f", "name": "Эмили"}
871;Эмиль;{"full": "Эмиль", "gender": "m", "name": "Эмиль"}
872;Эмма;{"full": "Эмма", "gender": "f", "name": "Эмма"}
873;Эммануил;{"gender": "m", "name": "Эммануил", "full": "Эммануил"}
874;Эраст;{"gender": "m", "name": "Эраст", "full": "Эраст"}
875;Эрик;{"full": "Эрик", "gender": "m", "name": "Эрик"}
876;Эрика;{"full": "Эрика", "gender": "f", "name": "Эрика"}
877;Эрнест;{"full": "Эрнест", "gender": "m", "name": "Эрнест"}
878;Юленька;{"name": "Юленька", "gender": "f", "full": "Юлия"}
879;Юлечка;{"gender": "f", "name": "Юлечка", "full": "Юлия"}
880;Юлиан;{"gender": "m", "name": "Юлиан", "full": "Юлиан"}
881;Юлиана;{"full": "Юлиана", "gender": "f", "name": "Юлиана"}
882;Юлианна;{"full": "Юлианна", "gender": "f", "name": "Юлианна"}
883;Юлий;{"full": "Юлий", "gender": "m", "name": "Юлий"}
884;Юлия;{"gender": "f", "name": "Юлия", "full": "Юлия"}
885;Юлька;{"name": "Юлька", "gender": "f", "full": "Юлия"}
886;Юля;{"gender": "f", "name": "Юля", "full": "Юлия"}
887;Юнона;{"full": "Юнона", "gender": "f", "name": "Юнона"}
888;Юра;{"gender": "m", "name": "Юра", "full": "Юрий"}
889;Юрий;{"gender": "m", "name": "Юрий", "full": "Юрий"}
890;Юрик;{"name": "Юрик", "gender": "m", "full": "Юрий"}
891;Юрочка;{"gender": "m", "name": "Юрочка", "full": "Юрий"}
892;Юсуф;{"full": "Юсуф", "gender": "m", "name": "Юсуф"}
893;Юхим;{"gender": "m", "name": "Юхим", "full": "Юхим"}
894;Яким;{"gender": "m", "name": "Яким", "full": "Яким"}
895;Яков;{"full": "Яков", "gender": "m", "name": "Яков"}
896;Ян;{"gender": "m", "name": "Ян", "full": "Ян"}
897;Яна;{"gender": "f", "name": "Яна", "full": "Яна"}
898;Янина;{"full": "Янина", "gender": "f", "name": "Янина"}
899;Янка;{"name": "Янка", "gender": "f", "full": "Яна"}
900;Яночка;{"gender": "f", "name": "Яночка", "full": "Яна"}
901;Ярик;{"name": "Ярик", "gender": "m", "full": "Ярослав"}
902;Яромир;{"gender": "m", "name": "Яромир", "full": "Яромир"}
903;Ярослав;{"gender": "m", "name": "Ярослав", "full": "Ярослав"}
904;Ярослава;{"full": "Ярослава", "gender": "f", "name": "Ярослава"}
905;Яша;{"full": "Яков", "gender": "m", "name": "Яша"}
